Cluster Number,Keywords
-1,"disability accommodation perth, ndis wa providers, sil provider, sda accommodation, sil providers, independent living specialists, sda perth, specialist support coordination perth, sda properties perth, mental health housing wa, ndis accommodation provider, disabled accommodation perth, respite care perth, sil services, sda services, ndis services perth, high physical support sda, sda disability, respite accommodation ndis, respite care perth wa, ndis eligibility wa, perth disability expo 2021, adelphi care, ndis sda eligibility, short term apartments perth wa, perth convention centre accommodation, ndis housing provider, ndis accommodation support, ndis housing providers, independent living centre mandurah, disabled living near me, independent support services, sil homes, sil accommodation ndis, disability expo perth 2021, independant living specialists, home assist wa, long term accommodation rockingham, diability services, housing support, disability homes near me, ndis service, support housing, assisted accommodation near me, disability specialists, adelphi group home, sda high physical support, medium stay accommodation, independent living mandurah, sil home, who is eligible for ndis wa, adelphi care services, medium perth, ndis living assistance, respite care in perth, live in specialist care"
0,"adelphi living, adelphi, adelphi living jobs, the adelphi, adelphi housing, freedom adelphi, adelphi hotel perth, adelphi house, adelphi perth, adelphi beauty, logo adelphi, adelphi group, adelphi insurance, adelphi menu, adelphi freedom, adelphi logo, 27 adelphi road claremont, adelphi springs, freedom adelphi table, air adelphi, adelphi consult, adelphi echuca, adelphi portal, adelphi ceo, clicks adelphi, adelphi hotels, adelphi laudale, adelphi contact, adelphi suites"
1,"sil providers perth, sda providers perth, ndis providers perth, ndis provider perth, it provider perth, it providers perth, ndis provider in perth"
2,"supported independent living perth, supported independent living ndis, ndis supported independent living, supported independent living, supported independent living providers, independent living perth, independent living near me, independent living facilities near me, supported independent living disability, living in perth, retirement living perth, supported independant living facility, supported independent living wa, sil supported independent living, community living perth, supported independent living accommodation, support independent living, disability facility, disability facility near me, independent living facilities for disabled, supported independant living, living perth, supported independent living ndis, supported independent living vacancies, 
supported independent living sil, independent living facilities, disability care facility, residential disability care facility"
3,"adelphi living mandurah, ndis mandurah, outdoor living mandurah, houses for rent in mandurah, access housing mandurah, living in mandurah, mandurah accommodation, accommodation in mandurah perth, accomodation mandurah, accommodation in mandurah wa"
4,"ndis providers near me, ndis provider wa, ndis providers wa, ndis provider, ndis provider registration wa, ndis provider near me, ndis provider logo, ndis provider number, ndis provider services"
5,"disability housing perth, ndis housing perth, disability housing, independent living supplies, sda housing perth, independent living wa, independent living housing, independent living, independent living western australia, disability and independent living, disability rental housing perth, independent living homes, independent living services, ndis independent living, specialist disability housing perth, independent living disabled, disability housing solutions perth, disability housing options perth, physical disability housing perth, independent living center perth, sil disability housing, disability housing wa, independent living disability housing, independent living disability, independent living services for the disabled, independent builders perth, independant living, alioth independents, independence living, disability housing solutions brisbane, independent living accommodation, independent housing, independent living support, independent living ndis, disability independent living, independent events perth, independent senior living, independent living communities, independent living equipment perth, independent living home, independent disability, independent living center, independent living victoria, ndis disability housing, services for independent living, independent living program for disabled, independent living for disabled, independent living bunbury, +independent +retirement +living, homes for independent living, independent retirement living, share housing perth, disability housing solutions, best independent living communities, independent living houses, independent community living, independent living australia, independent living centre joondalup, claremont independent, access housing perth, independent living centre perth, independent living options, independent living units adelaide, disabled independent living housing, disability house, specialist disability housing"
6,"sil ndis, sil, sil accommodation, sil and sda, sil accomodation, sda and sil, sil sda, sil assessment ndis, sil perth, what is sil, what is sil ndis, sil logo, sil living, sda and sil ndis, ndia sil, sil ltd, sda sil, sil ndia, what does sil include, difference between sil and sda, sil disability, sil insurance, sil., sil sda ndis, what is an sil ndis, who is sil, disability sil, www.sil, what is a sil"
7,"disability supported accommodation perth, supported accommodation perth, supported accommodation ndis, supported accommodation for people with disabilities, ndis supported accommodation, supported accommodation, mental health supported accommodation perth, disability supported accommodation, shared supported accommodation disability services, shared supported accommodation"
8,"ndis sda, ndis sda application form, ndis sda properties perth, ndis sda rules, ndis sda funding, ndis sda fact sheet"
9,"disability accommodation wa, ndis short term accommodation, disability accommodation, disability accommodation services, medium term accommodation ndis, medium term accommodation, short term accommodation perth, disability short term accommodation, short term accommodation ndis, ndis medium term accommodation, short term accommodation disability, medium term accommodation perth, supported disability accommodation, respite short term accommodation, long term accommodation perth, long term disability accommodation services, short term accommodation, medium-term accommodation, short term accomodation ndis, short term accommodation for disabled, specialised disability accommodation, ndis short term accommodation providers, ndis short term accommodation providers melbourne, ndis short term accomodation, short stay disability accommodation, ndis short term accommodation rates, short term disability accommodation, medium term accommodation providers, ndis short term accommodation providers victoria, ndis short term accommodation mental health, ndis short term accommodation rules, short term accommodation mandurah, supported disability accommodation ndis, intellectual disability accommodation, ndis medium term accommodation providers, short term accomodation, south perth short term accommodation, short term rental perth, ndis short term accommodation and assistance, perth short term accommodation, short term lease perth, short term stay perth, short term accommodation perth wa, short term accommodation subiaco, short term accommodation ndis providers"
10,"ndis events perth, ndis perth, ndis mental health perth, ndis properties perth, perth living, ndis renovations perth, perth exhibitions, connection perth, exhibitions perth, ndia perth, 6107 perth, exhibitions in perth, simple approach perth"
11,"disability service providers perth, ndis service provider perth, perth disability service provider and participant connection expo 2021, disability service provider perth, ndis service providers perth, disability service provider and participant connection expo 2021, ndis service providers wa, disability service provider and participant connection expo, perth disability service provider and participant connection expo 2021, 
perth convention and exhibition centre, 11 june, ndis service providers, ndis service providers near me, disability service provider, ndis service provider, best it service provider perth, disability employment services providers perth"
12,"disability homes, disability group homes perth, disability care services perth, sda homes, disability home care perth, disability residential homes, content living homes, home for disabled, aussie living homes, disability home care services, ndis homes, home modifications perth, disability group homes, disability home care, disability home, ndis home and living, open homes perth, home and living ndis, sda aged care, ndis home, sda care, sda home, ndis home care, in home support ndis, your homes, disability care center, ndis aged care providers, ndis home care providers, ndis aged care, ndis home and living supports, ""ndis aged care, sda smart homes reviews, treeby nursing home, disability care perth, group homes perth, homes west joondalup, disability care wa"
13,"sil housing, sil house, sil houses, sil housing ndis"
14,"sda payment, sda living, sda ndis, what is sda, sda living western australia, sda participants, sda categories, sda payments, sda houding ndis, sda, sda assessment, sda contact, what is sda ndis, sda assessments, sda application, sda design categories, contact sda, get building sda, fully accessible sda, robust sda, sda assessment ndis, sda ndis rules, sda approved, sda access, sda approved builders, sda levels ndis, sda approval, sda robust, sda s, sda accomodation, apply for sda, sda category, what is an sda, sda guidelines, sda western australia, sda legislation, sda virtual room, sda log in, sda logo, sda loan, sda loans, sda quote, sda grant, sda call, what is a sda, sda application ndis, sda panel, sda rules, sda ceo, sda pay, sda rules 2020, sda options, sda qualification, sda resources, sda union"
15,"support coordinators, support coordinator perth, support coordinators perth, disability living support, supported indepedent living"
16,"disability services near me, disability services perth, disability services, perth disability services, disability services mandurah, disability service, possibility disability services, ndis disability services, disability services midland, disability services wa, wa disability services, national disability services, flintwood disability services"
17,"adelphi house assisted living, assisted living perth, assisted living, ndis assisted living, assisted living apartments for disabled, assisted living mandurah, handicap assisted living, avendelle assisted living, assisted living disability"
18,"disability support organisation, disability support services near me, disability support services perth, disability support perth, ndis disability support, disability support work, disability support worker, disability support worker agencies, disability supported living, disablity support worker, disability support providers"
19,"ndis support provider, ndis support coordination perth, supported living accommodation, supported living, ndis support perth, supported living ndis, what are the ndis supported indepented living, ndis support, independent supported living, independent supported living and disabilities ltd, ndis supported living, ndis support workers near me, supported living services, support living accommodation, support workers near me, supported living accommodation near me, supported living accomodation, supported living homes, ndis support wa"
20,"ndis, ndis events, ndis living, ndis events western australia, able living, alchera living, ndis joondalup, ndis number, adventist senior living, ndis contact number, altum living, ndis bunbury, ndis locations, sdas, howard emery, ndis air conditioning, aldephi, living, aldelphi, s&a living, ndis phone number, ndis tablet, silsolutions, call ndis, ndis supplier, organisation, howard livings, now living, live in treeby, individualised living options, hotels cannington, adlephi, adlphi, flexible living, indepedent living, indpendent living, organisation and, koh living, living living, livings, ndis meaning, ndis provider"", ndis telephone number, 360 ndis, afelphi, disbaility, n.d.i.s, ndis call, ndis., ndis?, adalphi, ndis australia, contact ndis, nursing specialty, indepent living, improved livability, ""exceed"", individual living options, ""houses"", 885 albany highway, portal cannington, perthexpo, living in baldivis, participant, abode living, hotel cannington, adelpho, bold living"
21,"specialist disability accommodation perth, specialist disability accommodation providers, specialist disability accommodation, specialist disability accommodation providers victoria, specialist disability accommodation ndis, ndis specialist disability accommodation design standard"
22,"ndis sil, sda funding, ndis sil rules, sda funding ndis, sil funding ndis, ndis sil providers, sil ndis funding, ndis sil eligibility, sil eligibility, ndis sil provider, ndis sil and sda, ndis sil funding, what is ndis sil, perth funding, sil funding, mta funding, sda funding levels, what is sda funding, ndis sil quote"
23,"sda provider, sda providers victoria, sda providers, it provider, ndia provider"
24,"ndis perth wa, independent living perth wa, independent living products perth wa, living in perth wa, ndis jobs perth wa, personal services perth wa"
25,"sda house, sda house available, sda houses, sda housing ndis, sda housing availability, sda housing providers, sda housing qld, ndis sda housing, sda housing sydney, sda housing adelaide, sda housing brisbane"
26,"residential disability access perth, perth disability renovation, national disability insurance scheme perth, disability perth, disability organisations perth, disability activities perth, disability agencies perth, perth disability, disability insurance perth"
27,"independent living apartments for disabled, sda apartments, disability apartments, disability apartments perth, adelphi apartments perth, adelphi apartments, adelphi apartments echuca, disabled living apartments, ndis apartments, sda apartment"
28,"respite accommodation, disability respite accommodation, ndis respite accommodation, ndis respite, respite ndis, disability respite houses"
29,"ndis events wa, sda wa, ndis wa, retirement living wa, ndis wa contact, wa ndis, living in wa, ndis application wa, living wa, what is ndis wa, erskine wa"
30,"atsa independent living expo, independent living expo, atsa, atsa expo, atsa wa, atsa perth, atsa 2021, atsa expo perth, atsa independent living expo 2021"
31,"independent living solutions, disability solutions for independent living, sda solutions, improved living solutions, independant living solutions, independent living solution"
32,"housing disability perth, housing for people with disabilities perth, ndis housing, disabled persons housing service, ndis robust housing, housing for the disabled, sda approved housing, robust housing, housing ndis, house of hoops perth, ndis houses, sda robust housing, living houses, houses for rent in maddington, house for rent in maddington"
33,"ndis accommodation vacancies, ndis accommodation, worker accommodation, erskine accommodation, workers accommodation, howard accommodation, maddington accommodation, cannington accommodation, dali accommodation"
34,"ndis rockingham, hotels rockingham, rockingham houses, accommodation rockingham wa, accommodation in rockingham wa, rockingham accommodation wa, rockingham wa accommodation, rockingham accommodation, hotels in rockingham"
35,"long stay accommodation perth, accessible accommodation perth, wheelchair accessible accommodation perth, short stay accommodation perth, mental health accommodation perth, accommodation perth region, share accommodation perth, serviced accommodation perth"
36,"disabled living accommodation, accommodation for disabled adults, accommodation for people with disabilities"
37,"disability, disability centre, disability living, disabled living manchester"
38,"perth expo, home and living expo, ndis expo perth, ndis expo, living expo, developing australian communities expo, perth home expo, home expo perth, disability expo, perth disability expo, disability expo perth, home living expo, expo perth, perth expo centre, beauty expo perth"
39,"sda eligibility, sda eligibility criteria, sda ndis eligibility"
40,"sil supports, sil support, supports sil"
41,"mandurah apartments, apartments mandurah, apartments in mandurah"
42,"ndis conference 2021, adelphi 2021, home living exhibition 2021"
43,"perth serviced apartment deal, cheap serviced apartments perth, serviced apartments perth"
